{"loss": [0.9011186957359314, 0.022178420796990395, 0.001955582294613123, 0.00020039135415572673, 0.00014090104377828538], "binary_accuracy": [0.8531152009963989, 0.9982596635818481, 0.9993038773536682, 1.0, 1.0], "val_loss": [0.029076648876070976, 0.02263517864048481, 0.013155185617506504, 0.015787901356816292, 0.013769365847110748], "val_binary_accuracy": [0.9972152709960938, 0.9979114532470703, 0.9990253448486328, 0.9988861083984375, 0.9988861083984375]}