{"loss": [1.0297085046768188, 0.02129225991666317, 0.010948894545435905, 0.01636308804154396, 0.01075719390064478], "binary_accuracy": [0.8593804240226746, 0.9986077547073364, 0.9993038773536682, 0.9989557862281799, 0.9993038773536682], "val_loss": [0.04711137339472771, 0.025193123146891594, 0.00878149550408125, 0.011149429716169834, 0.008693240582942963], "val_binary_accuracy": [0.9958229064941406, 0.9976329803466797, 0.9993038177490234, 0.9988861083984375, 0.9994430541992188]}